{
  "hybrid_pointnet_small": {
    "train_metrics": {
      "mse": 0.015133091753803599,
      "mae": 0.08976363860205126,
      "r2": 0.8611604415707313,
      "rmse": 0.12301663202105477,
      "mape": 48.70006030253551,
      "max_error": 0.37645699637529084,
      "nmse": 0.13883955104777235,
      "nrmse": 0.3726117941950964,
      "nmae": 0.1507430484065061
    },
    "val_metrics": {
      "mse": 0.009316066397881087,
      "mae": 0.08895214298641729,
      "r2": 0.9434511494630247,
      "rmse": 0.09651977205671948,
      "mape": 147.50898149564722,
      "max_error": 0.14115651381457273,
      "nmse": 0.056548845422099925,
      "nrmse": 0.23780002885120055,
      "nmae": 0.11936096553409316
    },
    "test_metrics": {
      "mse": 0.01428732683669893,
      "mae": 0.08301616073114666,
      "r2": 0.9083708783626994,
      "rmse": 0.11952960652783448,
      "mape": 73.11968741540143,
      "max_error": 0.28094185777647157,
      "nmse": 0.09162910996181751,
      "nrmse": 0.3027030152144408,
      "nmae": 0.1395958238198071
    }
  }
}